{
  "version": 1,
  "author": "Rodrigo Martins",
  "editor": "wokwi",
  "parts": [
    { "type": "board-esp32-s3-devkitc-1", "id": "esp", "top": 0, "left": 0, "attrs": {} },
    {
      "type": "wokwi-led",
      "id": "led1",
      "top": 8.18,
      "left": 189.24,
      "attrs": { "color": "red" }
    },
    {
      "type": "wokwi-resistor",
      "id": "r1",
      "top": 20.68,
      "left": 117.07,
      "attrs": { "value": "1000" }
    }
  ],
  "connections": [
    [ "esp:TX", "$serialMonitor:RX", "", [] ],
    [ "esp:RX", "$serialMonitor:TX", "", [] ],
    [ "r1:1", "esp:GND.2", "green", [ "v0" ] ],
    [ "led1:C", "r1:2", "green", [ "v0" ] ],
    [ "led1:A", "esp:39", "green", [ "v0" ] ]
  ]
}