{
  "version": 1,
  "author": "Rodrigo Martins",
  "editor": "wokwi",
  "parts": [
    { "type": "board-esp32-s3-devkitc-1", "id": "esp", "top": 0, "left": 0, "attrs": {} },
    {
      "type": "wokwi-led",
      "id": "led1",
      "top": -8.11,
      "left": 111.91,
      "attrs": { "color": "red" }
    },
    {
      "type": "wokwi-led",
      "id": "led2",
      "top": -8.5,
      "left": 140.69,
      "attrs": { "color": "red" }
    },
    {
      "type": "wokwi-led",
      "id": "led3",
      "top": -7.91,
      "left": 172.04,
      "attrs": { "color": "red" }
    },
    {
      "type": "wokwi-led",
      "id": "led4",
      "top": -9.9,
      "left": 196.33,
      "attrs": { "color": "red" }
    },
    {
      "type": "wokwi-buzzer",
      "id": "bz1",
      "top": 51.5,
      "left": -67.55,
      "attrs": { "volume": "0.1" }
    },
    {
      "type": "wokwi-pushbutton",
      "id": "btn1",
      "top": 188.65,
      "left": 114.8,
      "attrs": { "color": "green" }
    },
    {
      "type": "wokwi-pushbutton",
      "id": "btn2",
      "top": 137.38,
      "left": 114.8,
      "attrs": { "color": "green" }
    },
    {
      "type": "wokwi-photoresistor-sensor",
      "id": "ldr1",
      "top": 158.9,
      "left": -242.47,
      "attrs": {}
    }
  ],
  "connections": [
    [ "esp:TX", "$serialMonitor:RX", "", [] ],
    [ "esp:RX", "$serialMonitor:TX", "", [] ],
    [ "led1:C", "esp:GND.2", "green", [ "v0" ] ],
    [ "led1:A", "esp:1", "green", [ "v0" ] ],
    [ "led2:C", "esp:GND.2", "green", [ "v0" ] ],
    [ "led2:A", "esp:2", "green", [ "v0" ] ],
    [ "led3:C", "esp:GND.2", "green", [ "v0" ] ],
    [ "led3:A", "esp:42", "green", [ "v0" ] ],
    [ "led4:C", "esp:GND.2", "green", [ "v0" ] ],
    [ "led4:A", "esp:41", "green", [ "v0" ] ],
    [ "bz1:1", "esp:GND.1", "green", [ "v0" ] ],
    [ "bz1:2", "esp:5", "green", [ "v0" ] ],
    [ "btn1:1.l", "esp:20", "green", [ "h0" ] ],
    [ "btn1:2.r", "esp:GND.4", "green", [ "h0" ] ],
    [ "btn2:1.l", "esp:19", "green", [ "h0" ] ],
    [ "btn2:2.r", "esp:GND.4", "green", [ "h0" ] ],
    [ "ldr1:GND", "esp:GND.1", "black", [ "h0" ] ],
    [ "ldr1:VCC", "esp:3V3.1", "red", [ "h0" ] ],
    [ "ldr1:AO", "esp:4", "green", [ "h0" ] ]
  ]
}