{
  "version": 1,
  "author": "Rodrigo Martins",
  "editor": "wokwi",
  "parts": [
    {
      "type": "board-esp32-s3-devkitc-1",
      "id": "esp",
      "top": -72.48,
      "left": -56.66,
      "attrs": {}
    },
    {
      "type": "wokwi-led",
      "id": "led1",
      "top": -53.34,
      "left": 76.21,
      "attrs": { "color": "red" }
    },
    {
      "type": "wokwi-led",
      "id": "led2",
      "top": -52.96,
      "left": 183.37,
      "attrs": { "color": "yellow" }
    },
    {
      "type": "wokwi-led",
      "id": "led3",
      "top": -54.38,
      "left": 147.79,
      "attrs": { "color": "blue" }
    },
    {
      "type": "wokwi-led",
      "id": "led4",
      "top": -53.57,
      "left": 109.49,
      "attrs": { "color": "green" }
    },
    {
      "type": "wokwi-pushbutton",
      "id": "btn1",
      "top": -110.68,
      "left": 161.2,
      "attrs": { "color": "green" }
    },
    {
      "type": "wokwi-pushbutton",
      "id": "btn2",
      "top": -107.96,
      "left": 64.05,
      "attrs": { "color": "green" }
    },
    {
      "type": "wokwi-buzzer",
      "id": "bz1",
      "top": -107.66,
      "left": -151.2,
      "attrs": { "volume": "0.1" }
    },
    {
      "type": "wokwi-photoresistor-sensor",
      "id": "ldr1",
      "top": -16,
      "left": -356.05,
      "attrs": {}
    }
  ],
  "connections": [
    [ "esp:TX", "$serialMonitor:RX", "", [] ],
    [ "esp:RX", "$serialMonitor:TX", "", [] ],
    [ "led1:C", "esp:GND.4", "green", [ "v0" ] ],
    [ "led4:C", "esp:GND.4", "green", [ "v0" ] ],
    [ "led3:C", "esp:GND.4", "green", [ "v0" ] ],
    [ "led2:C", "esp:GND.4", "green", [ "v0" ] ],
    [ "led1:A", "esp:19", "green", [ "v0" ] ],
    [ "led4:A", "esp:40", "green", [ "v0" ] ],
    [ "led3:A", "esp:41", "green", [ "v0" ] ],
    [ "led2:A", "esp:20", "green", [ "v0" ] ],
    [ "btn2:2.l", "esp:GND.2", "green", [ "h0" ] ],
    [ "btn2:1.l", "esp:1", "green", [ "h0" ] ],
    [ "btn1:1.l", "esp:GND.2", "green", [ "h0" ] ],
    [ "btn1:2.l", "esp:2", "green", [ "h0" ] ],
    [ "bz1:1", "esp:GND.1", "green", [ "v0" ] ],
    [ "bz1:2", "esp:5", "green", [ "v0" ] ],
    [ "ldr1:GND", "esp:GND.1", "black", [ "h0" ] ],
    [ "ldr1:AO", "esp:4", "green", [ "h0" ] ],
    [ "esp:3V3.1", "esp:5V", "green", [ "v0" ] ],
    [ "esp:5V", "ldr1:VCC", "red", [ "h0" ] ]
  ]
}